会社名,URL,役職,氏名
キンキサイン株式会社,https://kinkisain.co.jp/?srsltid=AfmBOorYmJ3VGVmkUmbbne94zeLeWuULQUD_8sY32BHIzJyXhW22BWkk,役員情報なし,情報なし
オリジン東秀株式会社,https://irbank.net/E03302/officer,代表取締役社長,後藤雅之
オリジン東秀株式会社,https://irbank.net/E03302/officer,取締役副社長管理担当,福本剛史
オリジン東秀株式会社,https://irbank.net/E03302/officer,取締役商品・工場担当,山中正嗣
オリジン東秀株式会社,https://irbank.net/E03302/officer,取締役経営戦略担当,齊田善人
オリジン東秀株式会社,https://irbank.net/E03302/officer,取締役営業担当,行田法義
オリジン東秀株式会社,https://irbank.net/E03302/officer,取締役,浜口好博
オリジン東秀株式会社,https://irbank.net/E03302/officer,取締役,金子聡
オリジン東秀株式会社,https://irbank.net/E03302/officer,取締役,山路邦夫
オリジン東秀株式会社,https://irbank.net/E03302/officer,常勤監査役,新井直弘
オリジン東秀株式会社,https://irbank.net/E03302/officer,監査役,浅倉智
オリジン東秀株式会社,https://irbank.net/E03302/officer,監査役,四倉宏昭
オリジン東秀株式会社,https://irbank.net/E03302/officer,監査役,近藤健司
オリジン東秀株式会社,https://irbank.net/E03302/officer,代表取締役社長,沢村弘也
オリジン東秀株式会社,https://irbank.net/E03302/officer,常勤監査役,梶田茂
オリジン東秀株式会社,https://irbank.net/E03302/officer,監査役,速水英樹
オリジン東秀株式会社,https://irbank.net/E03302/officer,取締役副社長管理担当,細田昌幸
オリジン東秀株式会社,https://irbank.net/E03302/officer,取締役,後藤俊哉
オリジン東秀株式会社,https://irbank.net/E03302/officer,監査役,長谷川智史
オリジン東秀株式会社,https://irbank.net/E03302/officer,取締役オリジン路面担当,大西勝
オリジン東秀株式会社,https://irbank.net/E03302/officer,常勤監査役,白石英明
オリジン東秀株式会社,https://irbank.net/E03302/officer,監査役,古谷憲介
オリジン東秀株式会社,https://irbank.net/E03302/officer,取締役営業担当,江上大生
オリジン東秀株式会社,https://irbank.net/E03302/officer,取締役,西野克
オリジン東秀株式会社,https://irbank.net/E03302/officer,監査役,中村秀雄
オリジン東秀株式会社,https://irbank.net/E03302/officer,監査役,安達智久
オリジン東秀株式会社,https://irbank.net/E03302/officer,代表取締役社長,前原正憲
オリジン東秀株式会社,https://irbank.net/E03302/officer,常務取締役,村上哲志
オリジン東秀株式会社,https://irbank.net/E03302/officer,取締役,鈴木広幸
オリジン東秀株式会社,https://irbank.net/E03302/officer,監査役,清水髙登
オリジン東秀株式会社,https://irbank.net/E03302/officer,監査役,平野雅彦
オリジン東秀株式会社,https://irbank.net/E03302/officer,常勤監査役,宮武正容
オリジン東秀株式会社,https://irbank.net/E03302/officer,監査役,石塚幸男
オリジン東秀株式会社,https://irbank.net/E03302/officer,監査役,米満昭弘
オリジン東秀株式会社,https://irbank.net/E03302/officer,常務取締役,中薗良隆
オリジン東秀株式会社,https://irbank.net/E03302/officer,取締役,野口浩之
オリジン東秀株式会社,https://irbank.net/E03302/officer,取締役,伊佐研一
オリジン東秀株式会社,https://irbank.net/E03302/officer,監査役,杢考一郎
オリジン東秀株式会社,https://irbank.net/E03302/officer,監査役,田邉眞人
オリジン東秀株式会社,https://irbank.net/E03302/officer,監査役,清水高登
オリジン東秀株式会社,https://irbank.net/E03302/officer,監査役,米谷直
オリジン東秀株式会社,https://irbank.net/E03302/officer,監査役,川越靖史
日清オイリオグループ株式会社,https://www.nisshin-oillio.com/company/corporate/executive/,代表取締役社長,久野　貴久
日清オイリオグループ株式会社,https://www.nisshin-oillio.com/company/corporate/executive/,代表取締役,尾上　秀俊
日清オイリオグループ株式会社,https://www.nisshin-oillio.com/company/corporate/executive/,取締役,小林　新
日清オイリオグループ株式会社,https://www.nisshin-oillio.com/company/corporate/executive/,取締役,三枝　理人
日清オイリオグループ株式会社,https://www.nisshin-oillio.com/company/corporate/executive/,取締役,岡野　良治
日清オイリオグループ株式会社,https://www.nisshin-oillio.com/company/corporate/executive/,取締役,佐藤　将祐
日清オイリオグループ株式会社,https://www.nisshin-oillio.com/company/corporate/executive/,社外取締役,山本　功
日清オイリオグループ株式会社,https://www.nisshin-oillio.com/company/corporate/executive/,社外取締役,江藤　尚美
日清オイリオグループ株式会社,https://www.nisshin-oillio.com/company/corporate/executive/,社外取締役,志濟　聡子
日清オイリオグループ株式会社,https://www.nisshin-oillio.com/company/corporate/executive/,常勤監査役,大場　克仁
日清オイリオグループ株式会社,https://www.nisshin-oillio.com/company/corporate/executive/,常勤監査役,渡辺　信行
日清オイリオグループ株式会社,https://www.nisshin-oillio.com/company/corporate/executive/,社外監査役,草道　倫武
日清オイリオグループ株式会社,https://www.nisshin-oillio.com/company/corporate/executive/,社外監査役,水口　啓子
日清オイリオグループ株式会社,https://www.nisshin-oillio.com/company/corporate/executive/,専務執行役員,岡　雅彦
日清オイリオグループ株式会社,https://www.nisshin-oillio.com/company/corporate/executive/,常務執行役員,斉藤　孝博
日清オイリオグループ株式会社,https://www.nisshin-oillio.com/company/corporate/executive/,常務執行役員,寺口　太二
日清オイリオグループ株式会社,https://www.nisshin-oillio.com/company/corporate/executive/,常務執行役員,小池　賢二
日清オイリオグループ株式会社,https://www.nisshin-oillio.com/company/corporate/executive/,常務執行役員,竹島　智春
日清オイリオグループ株式会社,https://www.nisshin-oillio.com/company/corporate/executive/,常務執行役員,野中　公陽
日清オイリオグループ株式会社,https://www.nisshin-oillio.com/company/corporate/executive/,執行役員,瀬川　高志
日清オイリオグループ株式会社,https://www.nisshin-oillio.com/company/corporate/executive/,執行役員,久馬　仁
日清オイリオグループ株式会社,https://www.nisshin-oillio.com/company/corporate/executive/,執行役員,川邊　修
日清オイリオグループ株式会社,https://www.nisshin-oillio.com/company/corporate/executive/,執行役員,井上　勝司
日清オイリオグループ株式会社,https://www.nisshin-oillio.com/company/corporate/executive/,執行役員,関口　和洋
日清オイリオグループ株式会社,https://www.nisshin-oillio.com/company/corporate/executive/,執行役員,森　貴幸
日清オイリオグループ株式会社,https://www.nisshin-oillio.com/company/corporate/executive/,執行役員,上原　秀隆
日清オイリオグループ株式会社,https://www.nisshin-oillio.com/company/corporate/executive/,執行役員,三木　浩嗣
日清オイリオグループ株式会社,https://www.nisshin-oillio.com/company/corporate/executive/,執行役員,横山　英治
ケイエス冷凍食品株式会社,https://www.ks-frozen.co.jp/company/outline/index.html,代表取締役,古賀 正美
ケイエス冷凍食品株式会社,https://www.ks-frozen.co.jp/company/outline/index.html,取締役,篠原 史訓
ケイエス冷凍食品株式会社,https://www.ks-frozen.co.jp/company/outline/index.html,取締役,齋藤 智純
ケイエス冷凍食品株式会社,https://www.ks-frozen.co.jp/company/outline/index.html,監査役,東 滋紀
三和油脂株式会社,https://sanwa-yushi.co.jp/about/,代表取締役社長,山口 與左衛門
三和油脂株式会社,https://sanwa-yushi.co.jp/about/,取締役副社長,山口 高明
三和油脂株式会社,https://sanwa-yushi.co.jp/about/,常務取締役,松田 彰
三和油脂株式会社,https://sanwa-yushi.co.jp/about/,取締役,佐藤 幸二
三和油脂株式会社,https://sanwa-yushi.co.jp/about/,取締役,髙橋 りな
三和油脂株式会社,https://sanwa-yushi.co.jp/about/,執行役員,山口 芳明
三和油脂株式会社,https://sanwa-yushi.co.jp/about/,執行役員,江口 正春
